,Unnamed: 0.1,Unnamed: 0,id,sentiment,text,topic,ip
0,0.0,,1589528814274478081,1,"Coucou mes bÃ©bÃ©s 

Qui pour me faire jouit ğŸ¥µğŸ†ğŸ‘

Dm pour rÃ©servation rÃ©el pour baiser bÃ©bÃ©

Packs de nude personnalisÃ© ğŸ‘

Sex cam payant ğŸ˜µ

Rt, Follow et laisse un ğŸ† en commentaire

Pas de plaisantin ğŸ’” https://t.co/abl9i5bvNC",['bebe'],92.184.124.50
1,1.0,,1602746192466542593,-1,"""L'obsession allemande depuis 30 ans c'est la dÃ©sintÃ©gration d'EDF...ils ont rÃ©ussi"" Henri Proglio ex PDF #EDF 
#Proglio #ARENH #Energie https://t.co/2FYV32jqcT",['edf'],92.184.124.50
2,2.0,,548072721452892160,1,Bonne FÃªte Ã  vous ! @LIGNEJ_SNCF #SNCF http://t.co/21iU41ucSK,['sncf'],92.184.124.50
3,3.0,,1585348313934462976,1,"167km / 10 200m de D+, le rÃ©cit de la Diagonale des Fous lors des 30ans du â¦@raid_grandâ© de La Reunion !
Â«Â Jâ€™ai survÃ©cuÂ Â». #trail  https://t.co/iP5TQatYKc",['recit'],92.184.124.50
4,4.0,,1596504049792057344,1,Plus câ€™est long plus câ€™est bon - 2Ã¨me partie de la vidÃ©o @CITEBEUR avec Buzz et Andolini @Andolini691 Ã  mater direct ici: https://t.co/cnNQ6PqFxj https://t.co/D3MEtWqlQb,['studio'],92.184.124.50
5,5.0,,1657101058483671056,-1,"Dans le mÃªme registre une cousine que je dÃ©teste au plus haut point, rien que de savoir qu'on vit sur la mÃªme planÃ¨te j'ai la haine.
Elle a su que je bosser Ã  disney, elle m'a direct appeler pour savoir su je peux la faire rentrer gratis avec ses gosses mal Ã©duquÃ© https://t.co/shGNJWTGx7",['registre'],92.184.124.50
6,6.0,,1657112125272215568,1,"Pour lui, la construction de cet ouvrage rÃ©pond Ã  la vision du Chef de lâ€™Etat FÃ©lix Tshisekedi qui prÃ´ne le bien-Ãªtre social du peuple. Â«A travers cette vision, nous avons pris lâ€™initiative de construire un grand marchÃ© pour permettre aux mamans ainsi qu'Ã  tous les commerÃ§ants https://t.co/KmFtpEfXDP",['bien-etre'],92.184.124.50
7,7.0,,1657486553139105792,0,"Il parle du joueur qui empÃªche les musulmans de l'edf jeÃ»ner mdrrrrrr 

Parlez pas politique, restez sur le terrain https://t.co/Mxy2BtG1yS",['edf'],37.65.51.45
8,8.0,,1656424974662488064,-1,@TreasChest Une explosion a retenti a l'instant vu sur telegram,['explosion'],37.65.51.45
9,9.0,,1656378016577081361,-1,"@ShannonSeban @EmmanuelMacron @steph_sejourne @Renaissance @renaissance_SSD @JeunesMacron @JeunesMacron93 La pollution de l'air coÃ»te 101,3 milliard par an Ã  la France,finanÃ§ons nos retraites et secu avec des navette autonome suspendus sÃ»r monorail sur les rocade,pÃ©riph,autoroute 180 km en6axe et des ligne Ã©lec pour camions hybride Ã  pantographe et prime velomobile Ã©lec a tous l",['autoroute'],37.65.51.45
10,10.0,,1656013470075158529,1,"Ã‰tant le plus grand dâ€™AlgÃ©rie, lâ€™aÃ©roport dâ€™Alger est conÃ§u de telle sorte Ã  donner une bonne image du pays aux visiteurs Ã©trangers, mais aussi aux voyageurs algÃ©riens eux-mÃªmes.
(via https://t.co/2S0tf6k45W)

https://t.co/CWMX1zU5EO",['terminal'],37.65.51.45
11,11.0,,1656444908129976321,-1,@SCCR_212 Lâ€™annÃ©e derniÃ¨re câ€™Ã©tait lâ€™inverse et aucun algerien Ã  manquer de respect malheureusement eux et leur complexe dâ€™infÃ©rioritÃ© â€¦,['inverse'],37.65.51.45
12,12.0,,1657158259248168961,0,@encoreNero Avec Shu sur son vÃ©lo et tout..,['velo'],37.65.51.45
13,13.0,,1657145597017686016,0,"@patrick_edery Cela ne doit pas exister que chez les Russes, sinon pourquoi cela:https://t.co/A9aHxJgqs1",['armee'],37.65.51.45
14,14.0,,1657099126016823314,-1,"@richard_cia @Corsicaferries Admettons qu'elle soit arrivÃ©e en retard (on ne peut pas faire du surbooking comme dans les avions, dÃ©jÃ pour les avionsc'estlimite) les cabines vacantes suite dÃ©sistement on les distribue une fois l'embarquement terminÃ©",['cabine'],37.65.51.45
15,15.0,,1656772699253792768,-1,"@epelgrino @kirkjamestkirk @PaxAquitania @RafaleFan @AzmaniMouhieddi Un silhouette clone low cost du F-35, sans emport interne.

Pas convaincu qu'il y ait un marchÃ© pour Ã§a en Asie.",['dassault'],37.65.51.45
16,16.0,,1657329395734831104,-1,@BMoon_bee @jdomerchet @DelphineMinoui @Le_Figaro @Le_Figaro dont le propriÃ©taire est @Dassault_OnAir qui en plus dâ€™Ãªtre islamophobe craint le dÃ©veloppement de Turkish Aero Spatial et de son chasseur bombardier qui risque de se vendre dans le monde arabo musulman,['dassault'],37.65.51.45
17,17.0,,1657482648720113664,0,"@unbotdanslaram Vraie question, tu trouves de l'intÃ©rÃªt au fait de prendre le temps de faire des vÃ©hicules pour tes dÃ©placements ?",['cheval'],37.65.51.45
18,18.0,,1657472486827491328,0,"Frankrijk pakt gwn elk jaar een bekend Frans woord en maakt er een lied van: voilÃ , merci, evidemment wie doet een gokje wat het volgend jaar zou zijn? #Eurovision2023",['croissant'],37.65.51.45
19,19.0,,1655356906804846593,-1,Zemour veut remplacer sont FILS fumeurs DE haschich droguÃ© comme papas quel exemple du remplacement https://t.co/n8e5Nuxr4U,['remplacement'],37.65.51.45
20,20.0,,1655921364283322369,-1,Faut faire bosser les feignasses au RSA on ne va pas les laisser s'embourgeoiser aux dÃ©pens de la sociÃ©tÃ© https://t.co/NhsDHyDwYx,['depens'],37.65.51.45
21,21.0,,1655990793402712106,-1,@Le_Figaro Autant interdire les manifestations d'extrÃªme gauche comme Ã§a tout le monde sera Ã©quitable.,['espace'],37.65.51.45
22,22.0,,1655163620286771201,1,Bonne journÃ©e dominicale https://t.co/TqJopNv8IO,"['finance', 'union_europeenne']",37.65.51.45
23,23.0,,1656388071846293504,0,ğŸªDans quel roman vous Ãªtes-vous le plus reconnu ?ğŸ“š https://t.co/CGO52rlIPY,"['comte', 'solitude']",37.65.51.45
24,24.0,,1657523968096477187,1,@Kitty_Detino Tâ€™as tout trop bien rÃ©sumÃ© wsh,['gentil'],37.65.51.45
25,25.0,,1655707814680051714,1,Câ€™est quoi ce gros morceau de poulet ? https://t.co/jXrerlufXN,['morceau'],37.65.51.45
26,26.0,,1657102659705360384,-1,"@melissa_plaza Quand le rejet de son corps, arrive Ã  un point oÃ¹ on impose, ce corps dont on ne veut mÃªme pas soi-mÃªme, qui ne saurait se passer de molÃ©cules de synthÃ¨se, aux dosages empiriques, niant les lois immuables de la physique et la biologie, pour Ã©craser celles qu'on prÃ©tend semblables","['biologie', 'rejet']",37.65.51.45
27,27.0,,1656675904549175296,-1,"j'ai une clÃ© usb (un linux persistant) qui ne boot plu sur mon ordi

les autres clÃ© bootent comme d'habitude, et la clÃ© linux marche quand mÃªme sur mon pc portable, jsp quoi faire ?",['linux'],37.65.51.45
28,28.0,,1656650600212480000,1,"Tout simplement le plus grand film de Super-HÃ©ros de tous les temps. 

Et une des plus grandes performances de lâ€™histoire. https://t.co/PBrvVJSEur https://t.co/M1rD2vj1m0",['batman'],37.65.51.45
29,29.0,,1656569968245260289,-1,"Je me mets au wokisme.
J'ai 77 ans, des cheveux blancs, des rides, de l'embonpoint, des problÃ¨mes de diabÃ¨te et de mÃ©moire.
Mais je m'identifie Ã  Robert Pattinson.
Si je ne suis pas dans le prochain Batman, je fais un procÃ¨s Ã  Hollywood.",['batman'],37.65.51.45
30,30.0,,1654972342823469056,-1,"Lens nâ€™a rien montrÃ© aller retour
Tottenham nâ€™a rien montrÃ© aller retour
Strasbourg nâ€™a rien montrÃ© aller retour
Annecy nâ€™a rien montrÃ© https://t.co/wMaE2hXCS7",['strasbourg'],37.65.51.45
31,31.0,,1656802033880424449,-1,"@MathieuSlama Quâ€™ils aillent au BrÃ©sil ou au Pakistan ou au Congoâ€¦ Les prisons franÃ§aises sont dÃ©jÃ  trop luxueuses et trop cools.  Lors dâ€™une sortie canoÃ«-kayak, deux dÃ©tenus se sont Ã©vadÃ©s. Ils allaient faire du kayakâ€¦ en vÃ©lo ! https://t.co/8Nfko6fr31",['velo'],37.65.51.45
32,32.0,,1657533513686728706,-1,@seb_a_volonte Vraiment dommage mais pas surprenant !! La prestation live Ã©tait mauvaise et surtout nâ€™avait rien Ã  voir avec la version studio quâ€™on entendait en boucle. Cherchons du franÃ§ais pour lâ€™annÃ©e prochaine Ã§Ã  doit bien se trouver ğŸ˜‰,['studio'],37.65.51.45
33,33.0,,1657492096981270528,0,"@hausofcamcam En mÃ©chant les films se concentrent surtout sur les orcs et gobelins qui ont Ã©tÃ© asservi par le grand mÃ©chant sauron (en gros c'est l'empereur dans star wars si tu veux).
Au milieu de Ã§a t'as les magiciens dont gandalf. C'est des genre de dieux envoyÃ© sur terre pour guider",['star_wars'],37.65.51.45
34,34.0,,1657458812926795779,-1,"Bizarre, Kader Bamba est bien plus pertinent sur le couloir gauche que dans lâ€™axe",['bizarre'],37.65.51.45
35,35.0,,1655540451460493313,1,"Le 12 avril dernier, avec 48 collÃ¨gues dÃ©putÃ©s de la majoritÃ©, j'appelais le gouvernement et notamment @GDarmanin et @SebLecornu Ã  autoriser les personnes sÃ©ropositives Ã  rentrer dans la gendarmerie, lâ€™armÃ©e et chez les pompiers.

Aujourd'hui, cette dÃ©cision est prise ! Merci ! https://t.co/qjw0PYEeqI",['armee'],37.65.51.45
36,36.0,,1656935116822683648,-1,"@Yafnagereyugun Elle avait dÃ©jÃ  explosÃ© mon connerimomÃ¨tre. Ce point est vrai, et elle et les clowns qui l'entourent sont d'ailleurs les premiers responsables de cette perte de maitrise technologique.",['technologique'],37.65.51.45
37,37.0,,1657040807986184193,-1,"Souvenez-vous quand les capitalistes nous expliquaient qu'avec la #technologie et l'intelligence artificielle nous gagnerions plus, que nous aurions plus de temps pour les loisirs, que nous partirions plus tÃ´t Ã  la #retraite .
Ils nous ont pris pour des cons et ils continuent... https://t.co/tpklxE7Mo4","['technologie', 'intelligence_artificielle']",37.65.51.45
38,38.0,,1657173230417854465,-1,Impassable! Just dont rage quit #gamedev #indiedev #indiegames #indiegame #indiegamedev https://t.co/hJkRmNUAgH 96,['rage'],37.65.51.45
39,39.0,,1655701258559275008,0,"Dâ€™accord, mais pourquoi jâ€™irais voler un bÃ©bÃ© en plastique ? https://t.co/TTrNLymvDo",['plastique'],37.65.51.45
40,40.0,,1657445861285154816,-1,@gisle00900476 @Dover63A Il a bien dÃ©fendu les autres vaccins en sachant que les virus nâ€™existent pas. Il a bien prÃ©conisÃ© un traitement toxique sous prÃ©texte dâ€™Ãªtre positif Ã  la pcr qui nâ€™a aucune capacitÃ© de diagnostic. Câ€™est un ğŸ¤¡.https://t.co/cryTtNMUlP,['technologie'],37.65.51.45
41,41.0,,1657430777360011264,-1,"@tcabarrus @NicoleQ36453302 Qui aurait imaginÃ©, sous Mitterrand, Delors et mÃªme Hollande  hurler Â«Â  Louis XVI on lâ€™a dÃ©capitÃ©, Macron on peut recommencer  Â« personne! Impensable! Le responsable? Faure, soumis Ã  MÃ©lenchon! La Fi a gangrenÃ© le reliquat PS. DÃ©truire, pour reconstruire un monde Ã  la Chavez.",['melenchon'],37.65.51.45
42,42.0,,1656433707522162692,0,@jauzy19 @OdvartJames Si il reste en vÃ©lo,['velo'],37.65.51.45
43,43.0,,1655691397733777409,-1,"@est_omega @gruy_r @Xeno_LK Bien que les types de Nen et les Stands puissent avoir des similitudes dans leur association avec la personnalitÃ© ou l'Ã¢me de leur utilisateur, ils sont fondamentalement diffÃ©rents dans leur nature et leur place dans leur histoire respective, Ã§a nâ€™a aucun rapport",['inspiration'],37.65.51.45
44,44.0,,1655340103768702977,-1,@briceperrin Tous en vÃ©lo sinon câ€™est le goulag !,['velo'],37.65.51.45
45,45.0,,1657503014825910273,-1,Utilisez un vpn et choisissez un serveur hors UE car la commission europÃ©enne veut Ã©galement censurer les contenus sur les rÃ©seaux sociaux et plus particuliÃ¨rement Twitter. https://t.co/HWoUy3FYhj,['serveur'],37.65.51.45
46,46.0,,1655335275445248000,-1,"ğŸªµ ""Des bÃ¢tons dans les routes""

â¡ Les militants Ã©cologistes opposÃ©s Ã  l'autoroute A133-A144 revendiquent une nouvelle forme d'activisme (@NelsonGetten) https://t.co/3p7NbjTFcw",['autoroute'],37.65.51.45
47,47.0,,1656577268318101504,-1,"Aurore BergÃ© estime que le ""drapeau europÃ©en donne de l'urticaire"" aux ""extrÃªmes""
https://t.co/z03Kv3oDFk https://t.co/LEEbGeXD8O","['cac_40', 'merdia', 'union_europeenne', 'papier_toilette']",37.65.51.45
48,48.0,,1656075418569433088,-1,"@JrmeSari1 @franceinfo @jnbarrot @Microsoft Tu bosses SUR windows, mais tu ne bosses pas POUR microsoft ?
C'est de la naÃ¯vetÃ© ou du dÃ©ni ?
TOUS CEUX qui bossent en informatique AVEC Windows, bossent forcÃ©ment, d'une maniÃ¨re ou d'une autre POUR microsoft, puisqu'aucun n'est en mesure de proposer une solution alternative.","['linux', 'informatique']",37.65.51.45
49,49.0,,1656071611496165380,-1,"@LeDevoir @melaniejoly  allez vous dire un beau bonjour de ma part au NigÃ©ria, au Pakistan, au Qatar, et Ã  l'Ã‰rythrÃ©e. Du bon monde, tsÃ© qui ont Ã  cÅ“ur la mission centrale de cet organe intergouvernemental? :)",['centrale'],37.65.51.45
50,50.0,,1657473224836358145,-1,@SamiSicot Tu voudrais lire quoi ? Genre t'as des Ã©quipes ou personnages que t'aimerais bien dÃ©couvrir ?,['batman'],37.65.51.45
51,51.0,,1657057153507631104,-1,"Samuel Ã‰tienne il aime bien âœ¨ï¸l'esprit d'internet âœ¨ï¸ sauf quand Ã§a l'arrange pas, bizarrement https://t.co/DYBbTzREbm",['internet'],37.65.51.45
52,52.0,,1656436870027309056,-1,@rerexnotvictus GrÃ¢ce Ã  lâ€™Europe des noirs et des afghans pourront faire du comtÃ© AOP pour des bobos lgbt. La marque dâ€™un grand progrÃ¨s,"['comte', 'progres']",37.65.51.45
53,53.0,,1655340433596116992,-1,"@pbeyssac @vkaltenbronn J'ai vu un site e-commerce qui propose un service ou, tu donne les info de connexion de ta banque et sa se connecte tout seul pour Ã  prirori effectuer un prÃ©lÃ¨vement... C'est assez flippant...",['banque'],37.65.51.45
54,54.0,,1655550783914405888,1,"Pour ceux qui se demandent: dans les comics, Krypto a Ã©tÃ© envoyÃ© sur Terre lors dâ€™un vol dâ€™essai avant que ses parents envoient Kal-El, mais la fusÃ©e de Krypto a dÃ©rivÃ© et a atterri sur Terre quand Clark Ã©tait adolescent.

Donc il nâ€™y a rien dâ€™anormal Ã  le voir dans le film ! https://t.co/jyy0Tn8awq https://t.co/6lGwbnEH2t",['derive'],37.65.51.45
55,55.0,,1656062951411920898,1,"@central_sage Cher central, il ya de garde-fous dans cette proposition de loi, pour protÃ©ger cela, l'officier de l'Ã©tat civil dÃ©tiendra un registre national dÃ»ment etabli par le ministre ayant les affaires coutumiÃ¨res dans ses attributions, ce registre sera Ã©tabli par les experts et autoritÃ©s",['registre'],37.65.51.45
56,56.0,,1657021492289318912,-1,"@unknoownquest_ Comme l'autre commentaire, la situation de Batman est aussi en train de changer depuis quelques temps selon moi. Beaucoup de gens le placent de plus en plus dans la catÃ©gorie d'un personnage politiquement de droite",['batman'],37.65.51.45
57,57.0,,1655722880150151170,0,"@Jumao66578119 @lessoulevements @JphTanguy En Guyane c est trÃ¨s frÃ©quents, les mares temporaires sont souvent aux sommet des monts , Ã§a formes de petites dÃ©pression,  mais bon la gÃ©ologie est trÃ¨s diff et la pluviomÃ©trie bien supÃ©rieur. En France dÃ©jÃ  vu Ã§a a Saint RÃ©mi les chevreuse.",['depression'],37.65.51.45
58,58.0,,1656807358058602496,-1,"@Tetrapharmak0n @mmtchi Ca se joue sur beaucoup de niveaux que le matrixage ...
Selon moi l'IA cest LA communication ultime vivant machine, entrainant toutes les dÃ©rives ou possibilitÃ©s viables , en fonction de la chronologie elle sera soit destructrice, soit crÃ©atrice  ğŸ¤·â€â™‚ï¸","['reproduction', 'ultime']",37.65.51.45
59,59.0,,1656053968710115329,1,@svkine Pas besoin de prier pour Ã§a ! Prie pour Ãªtre en santÃ© pour vivre ce changement de vie. Lâ€™explosion de tÃ©l est inÃ©vitable ğŸ˜˜,['explosion'],37.65.51.45
60,60.0,,1655343444166950912,-1,@L_ThinkTank Ce qui m'Ã©tonne c'est que Mr grossi connaÃ®t l'identitÃ© de ceux qui menace la centrale mais il reste muet.. dÃ©nonce les publiquement au lieu de faire de la politique,['centrale'],37.65.51.45
61,61.0,,1656434812536733696,-1,@polskicheee Ton allah est un incapable c'est tout. Il raconte a longueur de coran qu'il te facilite mais cest juste un gros mytho,['longueur'],37.65.51.45
62,62.0,,1655717295719677953,1,@mimss_01 C trop bien wsh tâ€™es Ã  130 tt le long zig zag sur lâ€™autoroute tu traces Nn le bonheur,['autoroute'],37.65.51.45
63,63.0,,1657163316052066304,-1,"tw potomanie

J'Ã©tais anxieuse toute la journÃ©e et finalement j'ai bu dÃ©jÃ  pas mal de liquides. Dur d'arrÃªter, pas envie de sortir. 
Il est tout juste 19h, je vais me coucher bientÃ´t, je pense. ArrÃªter la crise. 
Je ne vois pas d'autre faÃ§on de redescendre. https://t.co/VdmMVyVeAc",['internet'],37.65.51.45
64,64.0,,1656810544542695424,0,@hdystaifi AprÃ¨s elle avait pas lâ€™aire dâ€™Ãªtre contre ğŸ˜‚ mais bon https://t.co/QBRviXWY0M,['eau'],37.65.51.45
65,65.0,,1655714487364640770,-1,"@Val_Plante Dans le fond câ€™est un rassemblement de plein de gens avec la maladie mentale de ne jamais en faire assez? 
Vous allez jaser de quoi? Comment faire encore plus chier votre peuple mÃªme si on est probablement dÃ©jÃ  la place dans le monde la plus verte? Les pailles de plastiques eux?",['plastique'],37.65.51.45
66,66.0,,1656010263248658432,1,@DamidotValerie @SirYesSir29 Et du coup est ce que quelqu'un de profondÃ©ment atteint s'est dÃ©jÃ  positionÃ© sur le marchÃ© de la lingerie perfectrice comestible ?,['lingerie'],37.65.51.45
67,67.0,,1655319520838311936,-1,"@yax33_ @rfors_one @nafsakk @3svn_ Peut importe le tueur le voleur le violeur, votre dieu a tuer sont fils pour le pardon câ€™est juste illogique personne ne portera le fardeau de lâ€™un et de lâ€™autre encore moins le pardon un vrais dieu nâ€™a pas besoin de crucifier sont fils pour pardonner",['tueur'],37.65.51.45
68,68.0,,1657047076943847424,-1,"@SlimSheepy @pathefrance Bonjour, Pathe est incapable de rÃ©soudre le problÃ¨me, le service client nâ€™a aucune solution et aucune date. Les cinÃ©mas partenaires refusent lâ€™accÃ¨s contrairement aux termes du contrat. La seule solution est de rÃ©silier et dâ€™exiger une importante compensation commerciale",['service_client'],37.65.51.45
69,69.0,,1655359043756490753,-1,@biobak64 Oui mais du coup autant juste ne pas enregistrer ces lignes lÃ  non ?,['bizarre'],37.65.51.45
70,70.0,,1656807915947163648,-1,"@SEOforSme @icembrero @Europarl_FR ğŸ˜‚ğŸ˜‚
L'algÃ©rie a innondÃ© les pays africains de petrodollars dans les annÃ©es 80, elle a littÃ©ralement financÃ© l'acceptation polisario par ces pays. Et maintenant Ã§a joue les vierges effarouchÃ©es sous pretexte que Ã§a n'a plus d'influence politique","['finance', 'pretexte']",37.65.51.45
71,71.0,,1657514919045079040,-1,"@Nookusu373 @restedignefrr2 Quand je vois ces Ã©pisodes catastrophiques, je comprend pourquoi j'ai une haine croissante envers cet animÃ© et Studio PierrotğŸ—¿",['studio'],37.65.51.45
72,72.0,,1444242379251363842,-1,"Partie 2 avec ma pute en lingerie : un bon 45 bien large sur la face , et un bon zob sroune dans la chatte. Suite sur : https://t.co/ZlWy0kIxIz https://t.co/RHycV8sK6f",['lingerie'],37.65.51.45
73,73.0,,1655902559486324738,-1,"La France est bel et bien en train de rejoindre le camp des dÃ©mocraties Â« illibÃ©rales Â» juge Jean-FranÃ§ois Bayart, professeur Ã  lâ€™IHEID, pour qui Emmanuel Macron vit dans une rÃ©alitÃ© parallÃ¨le et joue avec le feu.

https://t.co/gIh0E7NYAO",['melenchon'],192.168.1.254
74,74.0,,1655656286237720576,-1,"Ajoutez la pauvretÃ© et la maladie mentale.

Qu'a-t-il bien pu arriver au Canada ?",['litterature'],192.168.1.254
75,75.0,,1656739083194957824,-1,"@tuttoto1 @RobyFranois2 @55Bellechasse @zerohedge @elonmusk Les mÃ©decins qu'ont vaccinÃ© et tuÃ© des gens ne vont pas admettre que le covid Ã©tait une entube. Ceux qui gagnent bien leur vie Ã  la NASA ou ESA ne vont pas s'en plaindre ni Ãªtre suspicieux. La station internationale c'est 400kms, la lune 300.000","['esa', 'nasa']",192.168.1.254
76,76.0,,1656391326940758016,-1,"@JulienGorintin @JulienTedde @HertzienBaracca @Emericdevigan @frdossant Yes right!

Faudrait que je fasse un volet ""les dÃ©rives de l'ARENH"" :
- arbitrage marchÃ©
- arbitrage saisonnier
- volumes additionnels obtenus ( ex: 20 TWh)
-",['volet'],192.168.1.254
77,77.0,,1656941338036764672,1,"MATINEE POLITIQUE DE CE VENDREDI 12 MAI 2023 AU SIÃˆGE NATIONAL, @RFIAfrique ,@RFIAfrique ,@wembi_steve ,@USAmbDRC https://t.co/AMiBeeK7Lb",['racine'],192.168.1.254
78,78.0,,1655607712036651008,-1,Ã‰thique: lâ€™ex-PDG de la Caisse de dÃ©pÃ´t Michael Sabia Ã©tait prÃªt Ã  fermer la filiale OtÃ©ra https://t.co/d3YeWbmHsa https://t.co/oxtdLNW5XO,['ethique'],192.168.1.254
79,79.0,,1656010235297890304,1,moi quand je vais ramener mon chat Ã  mon mariage https://t.co/y8cic8eaeg,['cacahuete'],192.168.1.254
80,80.0,,1657499739888254976,-1,"Ã€ la rÃ©ception de son arrÃªtÃ© prÃ©fectoral, 

Il a demis et faire emprisonner le doyen des  gÃ©nÃ©rations Tchagba et BlessouÃ©,

Il a demis le prÃ©sident Ã©lu en organisant une autre Ã©lection clandestine et en imposant son fils biologique  et son neveu Ã  la direction de la jeunesse. https://t.co/unwg91T7tJ",['clandestin'],192.168.1.254
81,81.0,,1655704461006831616,0,@dorrkrr @isk_zd Les liquides de plus de 100ml câ€™est interdit en cabine faut les mettres en soute,['cabine'],192.168.1.254
82,82.0,,1655682318839808000,-1,"@reponsedalarabi En Occident mÃªme pas besoin de se marier pour avoir des rapports avec une femme, ""petite amie"" ou ""maitresse"" suffit. Et une fois que l'homme en a fini avec elle, la jette comme un mouchoir usÃ©.
Sans parler de ceux qui frÃ©quentent des prostituÃ©es comme on va chez le coiffeur.",['coiffeur'],192.168.1.254
83,83.0,,1657006145603600384,1,@Bayeur1 RÃ©volution de la modernitÃ©.,['modernite'],192.168.1.254
84,84.0,,1657141790648967170,-1,"@NieRAutoFana @wbgamesfr Nah DÃ©soler mais Si la Switch est TrÃ¨s capable de Jouer Fnaf Security Breach (Qui a la Base est un Ã©norme Jeux) Je pense pas Que Hogwarts Legacy ne serait pas Capable de Ãªtre jouer sur Switch. Alors Ouais, svp FERME TA CRISSE DE GUEUL DE VACHE. merci.ğŸ˜„",['hogwarts_legacy'],192.168.1.254
85,85.0,,1657529865380175872,-1,"@HaaaaazLe @ActuL1_ @LesVioletsCom Bein si t'es musulman, la haine envers les gays c'est un pÃ©chÃ© mon gars et pk tu parles des juifs t'es bizarre toi",['bizarre'],192.168.1.254
86,86.0,,1657519051260805121,-1,"@David59166 @NicolasMayerNMR @FCRouen Je suis dâ€™accord mais tu as bien lu ce que jâ€™ai Ã©crit ? Je te dit que le FCR est prit en otage donc soit vous manifestez pour pousser QRM dehors, soit vous vous refaites seuls. Aux supporters de faire leur choix. 1 stade de 8k places pour 3 clubs &amp; une agglo de 500k câ€™est absurde",['otage'],192.168.1.254
87,87.0,,1656620387478765569,-1,"L'obligation d'exposer le portrait de #Macron dans toutes les mairies relÃ¨ve du culte de la personnalitÃ© exploitÃ© Ã  des fins de propagande.
Comme l'ont connu les pires dictatures, il faut vÃ©nÃ©rer, aduler, idolÃ¢trer et glorifier le grand maÃ®tre Ã  l'Ã©go surdimensionnÃ© !
#DirectAN",['macron'],192.168.1.254
88,88.0,,1656807746568683521,-1,"@MietteXIV @liz_churchill9 Les autodafÃ©s nazis vs la dÃ©fense de la loi.
Revois ton histoire la baltringue
â€¦les baltringues (je parle des 2 trumpistes)",['defense'],192.168.1.254
89,89.0,,1657343537296408577,1,"Ce week-end @warnerbrosfr vous fait gagner 30 lots de deux places pour le film The Flash, au cinÃ©ma le 14 juin âš¡ï¸ğŸ’¥ 

Pour participer : 

- Follow @ZLAN_FR 
- RT le tweet 
- Commente la publication avec #TheFlashMovie #Speedrun

T.A.S le 18/05/2023 https://t.co/mMs0Ck6C2z",['cinema'],192.168.1.254
90,90.0,,1657167390755487745,-1,@F3ARAN2LauGther C'est un piÃ¨ge temporel ce truc.,['piege'],192.168.1.254
91,91.0,,1655214739440500737,-1,"y en a ils aiment trop utiliser la carte de Â«c un rappelÂ enftÂ» pour cracher leur haine sans quâ€™on le leur reproche, on est pas bÃªte hein on sait comment un rappel sincÃ¨re est censÃ© se faire et Allah sait ce quâ€™il y a dans vos cÅ“urs, apaisez vos cÅ“urs wAllah",['rappel'],192.168.1.254
92,92.0,,1656079935100911617,-1,@LePoint Quelle connasse parce que ses tailleurs couleur stabilo c'est mieux peut Ãªtre.,['couleur'],192.168.1.254
93,93.0,,1657034796793561089,-1,"@55Bellechasse [ Je suis effrayÃ© par toutes les personnes qui me disent dâ€™Ãªtre plus rationnel â€¦ quand je parle de lâ€™homme sur la Lune ]

C'est qu'il existe 2 rationalitÃ©s

1ï¸âƒ£ RationalitÃ© SOCIALE
On suit la rÃ©alitÃ© sociale ( = le troupeau)

2ï¸âƒ£ RationalitÃ© ABSOLUE
On suit la rÃ©alitÃ© rÃ©elle",['modernite'],192.168.1.254
94,94.0,,1657061297278648321,1,"ğŸ‡«ğŸ‡· FLASH | Â« Il y a quelques annÃ©es, je disais qu'il suffisait de traverser la rue, lÃ  il faut faire un mÃ¨tre Â», a rÃ©pondu Emmanuel #Macron Ã  un homme cherchant du travail, lors d'une visite Ã  Dunkerque. https://t.co/pfIiH392JE","['macdonald', 'entreprise', 'service_client', 'pole']",192.168.1.254
95,95.0,,1657533271771676673,1,@Busmandu91 Oui la Defense c'est un peu aberrant mais Ã§a s'explique de faÃ§on assez rationnelle et in fine c'est plutÃ´t dans l'intÃ©rÃªt de l'usager que Ã§a soit partiellement en zone 1...,['defense'],192.168.1.254
96,96.0,,1656077007812263937,1,@Destan_DMR2 Mon compte en banque qui doit acheter ma voiture deadisland 2 et ghost of tsuchima 2 https://t.co/oM3RTGBcFS,['banque'],192.168.1.254
97,97.0,,1655269481764081667,1,"@Goldenhunter20 C'est cool, Ã§a. On m'avait proposÃ©. Faire du vÃ©lo collectif, Ã§a ne pourrait que t'aider Ã  relancer ta motivation.",['velo'],192.168.1.254
98,98.0,,1656442764274401282,-1,@12JaMor Bah we mais jâ€™ai trop la flemme de payer le coiffeur en plus câ€™est sur il a augmentÃ© avec lâ€™inflation il va me dire 20â‚¬,"['inflation', 'coiffeur']",192.168.1.254
99,99.0,,1655718975848808450,-1,"Si ce nouveau dÃ©guisement l'amuse, pourquoi pas...  Mais ses conseillers devraient lui expliquer que les seules armes qui le menacent pour le moment Ã©tant des casseroles, des Boules Quies seraient plus adaptÃ©es Ã  la situation... https://t.co/jBzvLTG8Ad",['science'],192.168.1.254
100,100.0,,1657136633957810178,-1,"@RFI Lorsque son pere etait encore president, leur economie etait encore un peu stable. C'est Ramaphosa qui est venu detruire leur economie",['stable'],192.168.1.254
101,101.0,,1656773744654778370,-1,"@assoCLER Et la quantitÃ© d'Ã©nergie produite, elle est stable ?ğŸ¤¡ https://t.co/bsqz0Ki8H8",['stable'],192.168.1.254
102,102.0,,1656083222361505794,-1,"LEURS TRONCHES DE DÃ‰BILE 

LEUR PAPA ET LEUR MAMAN

LEUR ARBRE GÃ‰NÃ‰ALOGIQUE

ON NIQUE TOUT TOUT TOUT 

ğŸ‘‹ğŸ» ğŸ¤¡ 

#CFMTL ğŸ’™ğŸ¤ğŸ–¤",['twitch'],192.168.1.254
103,103.0,,1656770689322418178,-1,"@WilfridCoby @pierrejovanovic @verity_france @AldoSterone111 ""Une mesure qui entre dans le cadre des objectifs Ã  atteindre en matiÃ¨re de sobriÃ©tÃ© Ã©nergÃ©tique."", comme les pailles et couvert en plastiqueğŸ˜‚ Heureusement nâ€™empÃªche que toute les peurs &amp; dangers dont on nous Ã©crase l'esprit n'en sont pas, sinon on serait mal, trÃ¨s mal barrÃ© ğŸ˜“",['plastique'],192.168.1.254
104,104.0,,1656053410725068802,1,"Le S-300PMU-2, l'Ã©pine dorsale de la dÃ©fense aÃ©rienne algÃ©rienne, est crucial. L'AlgÃ©rie, bien que disposant de la force aÃ©rienne la plus capable d'Afrique, serait fortement surpassÃ©e en nombre en cas de conflit avec l'OTAN.",['crucial'],192.168.1.254
105,105.0,,1656057206402416642,-1,@FaxouFr_ MbappÃ© -2 Ã  cause dâ€™un match ???,['crucial'],192.168.1.254
106,106.0,,1657492868209016834,-1,"C'est Ã©pouvantable, je suis en 4eB, je ne serai jamais capable de l'utiliser sÃ©rieusement ğŸ«£ https://t.co/3q0wngo2N5",['epouvantable'],192.168.1.254
107,107.0,,1655668660038500355,-1,"@auvergne_ag L'idÃ©al Chevenementiste"" !?! Chevenement dit de la merde depuis au moins 2015 et son apport reste important par rapport a sa ""premiere""periode je trouve toujours trÃ¨s inquiÃ©tant de voir qqu'un citer son nom 4 ou 5 fois dans nye discussion, c'est une obsession ?",['inspiration'],192.168.1.254
108,108.0,,1655712903033487363,-1,@nometiente2 @VickyDavilaH Croissant ğŸ¥ triste ğŸ˜­,['croissant'],192.168.1.254
109,109.0,,1656804712606228482,-1,@DiomandeMevaly OUATTARA Lâ€™USURPATEUR DE SINDOU ENDETTE LA CÃ”TE Dâ€™IVOIRE ğŸ‡¨ğŸ‡® AVEC Lâ€™ARGENT SALE DE LA BANQUE MONDIALE ET FMI POUR SURFACTURER LES PONTS LES ROUTES ETC ET Sâ€™ENRICHIR ET PLACER SON ARGENT DANS LES PARADIS FISCAUX ! IL FAUDRA UNE ENQUÃŠTE INTERNATIONAL SUR OUATTARA Lâ€™USURPATEUR !,['banque'],192.168.1.254
110,110.0,,1657474847667101698,1,Yes we #Nupes âœŒğŸ½ https://t.co/fOc8VprFvW,['europe'],192.168.1.254
111,111.0,,1655196827069607938,1,"ğŸš¨ En plus de Milan Skriniar, le PSG explore dâ€™autres pistes au poste de DC dont :

â–«ï¸Kim Min-Jae
â–«ï¸Josko Gvardiol
â–«ï¸Evan Ndicka

[@FabriceHawkins] https://t.co/jQS66VQDLk",['bizarre'],192.168.1.254
112,112.0,,1656069403304230917,1,et demain g entraÃ®nement mdrrr jv mourir,['entrainement'],192.168.1.254
113,113.0,,1655344194049769477,-1,"MalgrÃ© tout ce qu'on dit sur les diag HPI ces derniers temps, ce qu'on peut pas leur enlever c'est leur ego absolument monstrueux https://t.co/FMQguFJeYq",['college'],192.168.1.254
114,114.0,,1656947777534918661,-1,"Tous les 15 favs, je nomme un meilleur joueur en Coupe du monde que Cristiano Ronaldo. https://t.co/KnPrLauSEM",['coupe'],192.168.1.254
115,115.0,,1655718049209614341,-1,@vanessacrossou1 MenacÃ© de mort par la mafia des violence conjugale sÃ¨che des entraÃ®nement ou alors ne vient pas aux entraÃ®nements+ la mort de son pÃ¨re qui lui a fait perdre la tÃªte,"['violence', 'entrainement']",192.168.1.254
116,116.0,,1657507261680431106,-1,"svp arrÃªtez de vous mentir un peu Ã  vous mÃªme, vous gÃ©rez bien le poulet aux olives et rfissa mais trql sur la gastronomie italienne",['gastronomie'],192.168.1.254
117,117.0,,1655707412416823298,-1,De 320.000 Ã  300.000 abonnÃ©s en moins de trois heures. 20.000 abonnÃ©s perdus depuis la fin de sa confÃ©rence de presse. Pastef a une force digitale enorme. DU JAMAIS VU ! https://t.co/Hs51k9Occd,['espace'],192.168.1.254
118,118.0,,1656540355787890688,-1,"L'extrÃªme droite FranÃ§aise, hÃ©ritiÃ¨re du Nazisme, du Fascisme et de Vichy, s'installe et terrorise la France avant d'accÃ©der au pouvoir. Nous connaissons la suite #SaintBrevin https://t.co/Dg8oSSm7Md",['star_wars'],192.168.1.254
119,119.0,,1656793836776046593,-1,jump scare (pas envie de penser au moment oÃ¹ va falloir les dÃ©mÃªler et les re styliser surtout yoimiya) https://t.co/GuohLlJG05,['cheval'],192.168.1.254
120,120.0,,1656322748392636422,-1,"Darmanin, ancien de l'Action FranÃ§aise, interdit la manifestation traditionnelle de l'Action FranÃ§aise.

Spoil : cette manif ne provoque jamais de troubles Ã  l'ordre public. https://t.co/0GbkEJCXBz",['violence'],192.168.1.254
121,121.0,,1657484798770774022,1,"3ï¸âƒ£ Traitement des Paiements avec Stripe : Pour gÃ©rer facilement plusieurs formules d'abonnement, j'utilise Stripe. Il s'agit d'une plateforme de paiement robuste qui offre une gestion sÃ©curisÃ©e et fiable des transactions, garantissant une expÃ©rience utilisateur fluide",['crucial'],192.168.1.254
122,122.0,,1656920426642128897,-1,"@Le_Figaro @Margueritestern Pourquoi est-ce que vous relayez les propos haineux d'une personne transphobe, sachant par ailleurs que la transphobie est interdite par la loi?",['transphobie'],192.168.1.254
123,123.0,,1657157968293515265,-1,@Onpized_ @LesGoatsLensois On aimerais bien le prendre le parapluie. La sÃ©cheresse fait rage ici. On rigole pas avec Ã§a. Ã‡a fait 6 mois quâ€™il est pas tombÃ© une goutte dâ€™eau.,['rage'],192.168.1.254
124,124.0,,1657101553755455489,1,"@SenseiSada @cafezelda @japandealworld Câ€™est une reproduction de lâ€™Ã©pÃ©e du protagoniste dans tout les jeux Zelda enfin celle qui finit par le devenir un moment donnÃ© dans le jeu, dans cette Ã©pisode elle a cette forme, pourquoi ? Je sais pas encore ğŸ˜‚",['reproduction'],192.168.1.254
125,125.0,,1656438694272794625,1,LE RETOOOOUR A LA MAISON https://t.co/N58b0leZmK,['serveur'],192.168.1.254
126,126.0,,1656299891918864392,0,"Pour12 heur.2 esdepartementmashariqhautwatan droityak'aLouzza.hrstadearcdeseine faÃ§ade vu basir.t 1.4 toile.etoile.haifa samawat pied incandescent univers stennaire stim choucroute.viande du,coup pour lhaldoL v Venezuela leg futur imigre eden malak heroine https://t.co/ueE3BmvL3Z",['uranium'],192.168.1.254
127,127.0,,1657153018721173512,-1,"@Beatrice_Rosen dÃ©jÃ  si ils arrÃªtaient de vendre l'eau aux Ã©mirats nous n'en manquerions pas en france...
tous les jours des supers tanker partent de fos sur mer (dept.13) remplis d'eau potable",['eau'],192.168.1.254
128,128.0,,1656058485845442560,1,"@Benjaminkonate3 Tu as raison. Tu sais j'aimais pas lire avant je lisais quasiment jamais vers l'Ã¢ge de 12-25 ans. J'aimais pas lire, j'aimais pas la philosophie (en terminale ES j'ai dÃ©testÃ© Ã§a) etc et maintenant je lis bcp et je me suis prise de passion pour la Philo j'adore now la philosophie",['philosophie'],192.168.1.254
129,129.0,,1656084858240655362,-1,#depression #mourir,['depression'],192.168.1.254
130,130.0,,1656418902283280384,-1,"La dÃ©gradation des dÃ©chets de plastique Ã  lâ€™aide de microorganismes fait lâ€™objet de recherches scientifiques depuis un bon moment dÃ©jÃ . Les bactÃ©ries et levures qui Ã©taient connues jusquâ€™Ã  maintenant opÃ¨rent Ã  une tempÃ©rature de 30C, ce qui engendre des coÃ»ts qui rendent leâ€¦ https://t.co/R8IPyrr75s https://t.co/tLF0ljzBZ2",['plastique'],192.168.1.254
131,131.0,,1655347058793144320,-1,see how forgiveless is not mentionned but ghost in the machine is? alors POURQUOI câ€™est lâ€™inverse dans la setlist jai besoin que tu te REVEILLES @CISEAUX â€¼ï¸â€¼ï¸ https://t.co/oFEGxbBk0u,['inverse'],82.127.173.96
132,132.0,,1656394876139839488,1,"ğŸ”´Burkina Faso/Ghana: Le PrÃ©sident Nana AKUFO-ADDO et le Capitaine Ibrahim TRAORÃ‰ ont Ã©voquÃ© des questions majeures de la sous-rÃ©gion et ont Ã©galement Ã©changÃ© sur des sujets d'intÃ©rÃªt commun aux deux peuplesâ€¦ 

Lire ici â¤µï¸ 

https://t.co/6sBOv2AKof https://t.co/AGy5MQw3Jl",['grain'],82.127.173.96
133,133.0,,1657165518686617609,-1,@Algerie360 Iexprimant une prÃ©occupation ou une position ferme Ã  l'Ã©gard de la situation en AlgÃ©rie peut avoir un impact diplomatique. Cela envoie un message clair aux autoritÃ©s algÃ©riennes sur les prÃ©occupations de l'Union europÃ©enne concernant les dÃ©veloppements en cours dans le pays.,['union_europeenne'],192.168.1.254
134,134.0,,1656988368834637826,-1,@xAzrodEU Ils ont plus le droit Ã  l'erreur s'ils veulent une coupe d'Europe,['service_client'],192.168.1.254
135,135.0,,1657388719916167170,1,"@RyanTmYt Il y a aussi des jeux oÃ¹ le rt rends mal, hogwarts legacy le rt a bcp de problÃ¨me visuel par exemple.",['hogwarts_legacy'],82.127.173.96
136,136.0,,1656434514288160768,-1,@rzmssaaa Le Visegrad etc. Le prÃ©sident lui mÃªme en parle mais tranquille.,['centrale'],192.168.1.254
137,137.0,,1656434862801166337,1,@JulieGarnierFI Il y a plein de fous dans ce pays mais aussi melenchon.,['melenchon'],82.127.173.96
138,138.0,,1657168645582213122,1,je vais gouter sa baguette de ce pas,['baguette'],82.127.173.96
139,139.0,,1656437246344548353,-1,@mhycht @Capxnce elle juge un gars qui dit bipolaire sans prouver quâ€™il est bipolaire mais elle parle de sa dÃ©pression sans prouver quâ€™elle est dÃ©pressive ?,['depression'],82.127.173.96
140,140.0,,1592568740071493632,1,"Ouhouh #cyrilhanouna la rÃ©ponse de Melenchon Ã  ton attitude de blaireau 
#hanounaGrosCon https://t.co/0VYhUyZkVX",['melenchon'],82.127.173.96
141,141.0,,1657130225413804032,0,"(Mississippi Provincial Archives, French Domination , Correspondance GÃ©nÃ©r xvii, pp. 303-307.)",['correspondance'],82.127.173.96
142,142.0,,1655638566855139329,-1,"@LAnctre Lol, et tu oses la traiter de mytho?",['melenchon'],82.127.173.96
143,143.0,,1657535130951467010,-1,@Wavstar1 @JJBergerac @20Minutes Quel courage d'Ã©taler sa stupiditÃ© comme Ã§a sur internet,['internet'],192.168.1.254
144,144.0,,1656925553767612417,-1,"Â«Â Amrabat câ€™est la que la hype Coupe du Monde, il a aucune technique balle au piedÂ Â»

Amrabat Ã  la Fiorentina face aux top de Serie A et en Europe :
https://t.co/yzaeMZP4Zp","['europe', 'coupe']",82.127.173.96
145,145.0,,1655691709047533570,-1,@RobzezPierre @Hark_abe Et Asus et HP et MSI et Lenovo et en fait tous les constructeurs ğŸ˜¬,['asus'],192.168.1.254
146,146.0,,1655677182134349824,1,"Donner plus pour gagner plus ? 

Câ€™est possible âœ… 

Il yâ€™a Ã©normÃ©ment de boutiques qui proposent de reverser une partie de leur CA Ã  chaque commande rÃ©alisÃ©e. 

Cela crÃ©e de lâ€™engagement chez le client. Il fait une bonne action tout en se faisant plaisir ğŸ«±ğŸ¾â€ğŸ«²ğŸ» https://t.co/oHNPA3Bl6r",['concurrentiel'],82.127.173.96
147,147.0,,1655676817586397185,-1,J'aurais du grandir dans un desert palestinien sans rien connaÃ®tre du monde... au lieu de Ã§a je revise ppur un metier qui va m'apporter que des problÃ¨mes,['desert'],82.127.173.96
148,148.0,,1656047218938265603,-1,"@LubulaOdry @moise_katumbi Oui oui vous ne savez pas ?@moise_katumbi a corrompu Dieu pour qu'il pleuve abondamment et qu'il ait de l'inondation avec   des centaines des morts Ã  kalehe,il a aussi bloquÃ© les dossiers des congolais dans le serveur amÃ©ricain afin qu'il ait plus d'Ã©lecteurs ...mbok'oyoğŸ¤¦ğŸ¤¦ğŸ˜‚ğŸ˜‚",['serveur'],82.127.173.96
149,149.0,,1655951704372957187,1,"#Doctoctoc La cytolyse hÃ©patique quasi-constante dans l'EBV on parle de cb de xN environ? 

Visiblement les hÃ©patites fulminantes on est sur des scores d'ASAT et d'ALAT Ã  plusieurs milliers d'unitÃ©s.
J'en ai une Ã  10N ASAT et 15N ALAT, Ã§a reste ""modÃ©rÃ©""?",['biologie'],82.127.173.96
150,150.0,,1656436902080270337,1,@Jean_Monique87 @Algeria_FC Salut frÃ©rot jâ€™ai une question ta quoi contre belmadi ? Jsuis ouvert Ã  entendre ton point de vu,['echecs'],82.127.173.96
151,151.0,,1656737068087758848,1,"ğŸ¥¨ La campagne d'adhÃ©sion se poursuit via helloasso. Pour les gens ayant choisi l'option retrait au local, vos cartes sont disponibles au bar dÃ¨s l'ouverture du local samedi.",['barbecue'],82.127.173.96
152,152.0,,1656379389364371459,1,"Bref il y a un nouvel Ã©pisode de #askprof . c'est en rÃ©ponse Ã  un tweet de @blackdekpe , le contexte est dans la vidÃ©o .
Bon visionnage. https://t.co/ykRxB9XgAO https://t.co/5fuXAO5F9C",['episode'],82.127.173.96
153,153.0,,1657122770227003394,1,@NoNameNoLife49 Mdrr tu vois Ã  quel point ils sont fou,['barbecue'],82.127.173.96
154,154.0,,1652679750345736192,1,"Sensation de ouf avec cette salope, ma main et ma teub en mÃªme temps dans son boule ğŸ”¥ğŸ”¥ğŸ”¥ğŸ’¦ğŸŒ¤ï¸ https://t.co/P4KkLzSmXo",['sensation'],82.127.173.96
155,155.0,,1655547293850845184,-1,"@jackj8737 @BoxisGabin Effectivement, et surtout, rien ne prouve que la proposition provenait de l'homme. Aujourd'hui, les femmes sont gÃ©nÃ©ralement les premiÃ¨res Ã  proposer ce raccourci aux hommes qu'elles jugent apte Ã  pouvoir l'accepter... des deux cotÃ©s, c'est inadmissible. Cinq ans aprÃ¨s, vousâ€¦ https://t.co/5YvuGE9e0N",['apte'],82.127.173.96
156,156.0,,1657515428254498816,1,"@vikvancleef Pas calÃ© sur l'univers star wars mais il m'intÃ©resse ouais 

T'as vu andor?",['star_wars'],82.127.173.96
157,157.0,,1656034433336524800,-1,"Ã‰niÃ¨me occasion de rappeler que les #enseignants, Bac+5 + concours, 2500E nets en fin de carriÃ¨re, financent sur leurs fonds propres leur outil de travail https://t.co/qobILkG4X6","['informatique', 'coiffeur']",82.127.173.96
158,158.0,,1657100839356383232,1,@glmrcq Bien sur et deux saison ou il joue quasi tout les match en 3 ans lâ€™amÃ©lioration est fulgurante,['amelioration'],82.127.173.96
159,159.0,,1655721562417315840,1,@vagabondII sous sol la dÃ©fense ya dquoi faire du bon contenu,['defense'],82.127.173.96
160,160.0,,1655303812691705856,1,@kakashi84958981 Jouer sur lâ€™ordinateur câ€™est la base ğŸ‘€,['ordinateur'],82.127.173.96
161,161.0,,1656287003988639744,-1,"Mais, surtout, cette sanction existe dÃ©jÃ , article 1741 du CGI... https://t.co/8w2BNRdtbP",['sanction'],82.127.173.96
162,162.0,,1657479630507393024,-1,"@publicsenat @StephPiednoir @annelaurebonnet Les choses ne sont absolument pas actÃ©es, on ne peut accepter l'imposition, sans mandat ni vote, d'une rÃ©gression sociale majeure largement rejetÃ©e, pour de faux prÃ©textes.",['imposition'],82.127.173.96
163,163.0,,1656799011603398656,1,"@ArmandCt3 Sur ces jolis mots, bonne nuit Armandâœ¨âœ¨ğŸŒ™â­ï¸â­ï¸â­ï¸",['gentil'],82.127.173.96
164,164.0,,1654516307705094144,1,"CONCOURS ONE PIECE ! ğŸ”¥

Tentez de remporter cette magnifique figurine SFC de Portgas D. Ace ! 

â€¢ Follow @abystyle_studio et @0nePieceNews_ 
â€¢ RT ce tweet 
â€¢ Tag un ami 

TAS le 12/05 https://t.co/sPdkC4W6We",['studio'],82.127.173.96
165,165.0,,1656429505903247361,1,"@BridgetDorient Koukou je sais que c'est un peu brut!
Mais je pense que vous avez un vrai Humour compatible!
C'est vrai qu'en me relisant je me dis que j'ai dÃ» blesser quelques personnes!
En cas oÃ¹ je leur prÃ©sente aucune excuse!ğŸ¤£ğŸ˜‚ğŸ˜",['brut'],82.127.173.96
166,166.0,,1642449361584963585,-1,"NestlÃ© Waters privatise l'eau des sous-sols, ici cet Ã©leveur Vosgien a interdiction de puiser l'eau de son terrain pour abreuver ses bÃªtes, les puits ont Ã©tÃ© condamnÃ©s.

Extrait de piÃ¨ce Ã  conviction avril 2020. France 3. https://t.co/oJuDezTJpx",['conviction'],82.127.173.96
167,167.0,,1657131885795917825,0,"@Tay_RMA Salut, je viens lÃ¢cher pire https://t.co/v2BuWeUVh7",['livraison'],82.127.173.96
168,168.0,,1656052433812897793,-1,"@francoislegault Deux poids deux mesures, lâ€™incohÃ©rence Ã  son paroxysme. La @coalitionavenir brouillonne sur toute la ligne â€¦.  

Gestion du QuÃ©bec Ã  la petite semaines aux sondages et sans aucune conviction rÃ©elle ğŸ¤¦â€â™‚ï¸

https://t.co/2vegyf1rx6",['conviction'],82.127.173.96
169,169.0,,1656767365479055361,1,"@NapoleonReivax @MarwanBelkacem Ils se sont chiÃ©s dessus en championnat, 5 points de retard de la ldc a 4 journÃ©es de la finâ€¦",['sanction'],82.127.173.96
170,170.0,,1657160586914873345,1,@juvia_feur @vivigloo Mais j'y ai quand mÃªme pensÃ© ğŸ˜,['feur'],82.127.173.96
171,171.0,,1657481305276203009,-1,"#100joursdezbeul #ReformeDesRetaites 
Le Grand Prix de la colÃ¨re Ã  Pau ğŸ¤¬ 

200 personnes Ã  l'appel de la CGT, FSU et SUD  ont essayÃ© de forcer l'enceinte du Grand Prix et une poignee a rÃ©ussi Ã  s'approcher des pistes malgrÃ© le gazage et matraquage par la police de Macron ğŸ¤¬âœŠ https://t.co/oXL2d0P3KD https://t.co/vupXoMzKxY","['macron', 'police']",82.127.173.96
172,172.0,,1657499657939894273,-1,@zoe_drtt comment tu peux etre nul Ã  minecraft tu poses des bloc genre,['minecraft'],82.127.173.96
173,173.0,,1655723182156857345,-1,"@BaumE__ @Youridefou Personne fait ca pour sauver un gosse, t as pas le temps d aller chercher tous ces outils et prendre le temps, je suis sure que toutes les voitures ne sont pas aussi simple Ã  ouvrir",['vitre'],82.127.173.96
174,174.0,,1655203684387569665,1,"VoilÃ  le visage de la CÃ©cile qui nous manque. Celle avec qui parler littÃ©rature et philo autour d'une biÃ¨re, celle avec qui refaire le monde, celle qui a toujours un mot de consolation pour les copines avec un vague Ã  l'Ã¢me. CÃ©cile a Ã©tÃ© lÃ  pour moi quand j'en avais besoin. Jeâ€¦ https://t.co/MuX7g9DYIE https://t.co/9nbRHV327c",['litterature'],82.127.173.96
175,175.0,,1655341861828009986,1,@sahiim_ Tu vas envoyer de la couleur ?,['couleur'],82.127.173.96
176,176.0,,1655999197315833857,1,Mbungu Kianga David ou l'incarnation de la politique centrÃ©e sur les valeurs et la poursuite ultime de l'intÃ©rÃªt gÃ©nÃ©ral (Portrait) https://t.co/NOcwKjBd5t,['ultime'],82.127.173.96
177,177.0,,1656237336072527873,-1,@TaiebYohann BFM est un merdia qui sert une soupe misÃ©rable au peuple Ã©cervelÃ©.,['merdia'],82.127.173.96
178,178.0,,1657157905802489856,1,@kangambanga HAHAHAHAHAHAHAHAHA la rage est rÃ©elle ğŸ˜­ğŸ˜­ğŸ˜­,['rage'],82.127.173.96
179,179.0,,1656412930848563200,1,"@KellAlix2 Cet esprit de pionnier rappelle les dÃ©buts de l'aviation
Tout ce que j'aime

Mais en gÃ©nÃ©ral, ces rÃªves de fous comme l'avion finissent par devenir rÃ©alitÃ©",['aviation'],82.127.173.96
180,180.0,,1655351468327596032,1,"Une folie quand mÃªme... Ca va faire bizarre.
Mais c'est un signe tres fort sur la volontÃ© de Textor de faire des changements.",['bizarre'],82.127.173.96
181,181.0,,1656192702344511490,1,"La Beac officialise son adhÃ©sion au RÃ©seau banque et finance durable de la Banque Mondiale .
Cc @dahliakhalifa @IFC_fr https://t.co/isSrAc3lDo","['finance', 'banque']",82.127.173.96
182,182.0,,1657170357965471746,-1,@RomeoYopa @den_eyenga @albertleanne @Bbsbooky @BogossGilou @Borismvogo2 @DulianeKems @sayitlouwd @MlleEtoocarmen @Manucia_mbella @margaret_cyn Si tu peux critiquer sans Ãªtre dans l'entreprise pourquoi pas proposer Ã©galement ?,['entreprise'],82.127.173.96
183,183.0,,1656796758893051906,1,ArrÃªtÃ© du 3 avril 2023 portant interdiction de mise sur le marchÃ© d'extincteurs et prescrivant la mise en conformitÃ© d'extincteurs #ARRETE https://t.co/oFkQAl6lqG,['interdiction'],82.127.173.96
184,184.0,,1657512723498844162,1,@rogerzabel @semaine_golfe Profites mon RogerğŸ˜˜,['golfe'],82.127.173.96
185,185.0,,1657168310071377922,-1,"@GaveEmmanuelle ""Ma gardienne"" comme mon taxi, mon boulanger, mon coiffeur !
Mince ces gens ne vous appartiennent pas !
Je ne comprends pas ce langage. 
Je peux parler de ma voiture, de mon fils (parce que je crois Ãªtre son pÃ¨re) mais mon boulanger...jamais.",['coiffeur'],82.127.173.96
186,186.0,,1657510258187616258,1,@liaporali mÃ©nage Ã  trois. Simples,['menage'],82.127.173.96
187,187.0,,1656751649656848386,1,"@EmilienSchultz Tout mon soutien Ã‰milien, j'ai beaucoup appris en lisant tes travaux et en suivant tes projets, je ne doute pas un instant qu'ils continueront d'intÃ©resser dans comme en dehors de l'ESR.",['racine'],82.127.173.96
188,188.0,,1655303060267122690,-1,"Une sociÃ©tÃ© privÃ©e annule arbitrairement des billets. Puis les moyens de lâ€™Ã‰tat sont dÃ©ployÃ©s Ã  son service  : barrage policier sur la route, un sous-prÃ©fet.

Sur quel fondement juridique ? ArrÃªtÃ© prÃ©fectoral ? Interdiction de stade ? 
Et les libertÃ©s publiques ? 

#ESTACPSG https://t.co/Xqe76zdRFi",['interdiction'],82.127.173.96
189,189.0,,1657430441320693762,0,@TheBarzul 33,['batman'],82.127.173.96
190,190.0,,1657471466311434242,0,@oqaqiq @henri1968 Je crois avoir lu que c'est un signe de stress. J'ai vu mon chat faire Ã§a une fois.,['symptome'],82.127.173.96
191,191.0,,1655345584126013440,1,l'Amour ultime â¤ï¸ https://t.co/ElhnbHqrL9,['ultime'],82.127.173.96
192,192.0,,1657463868187197443,1,Un monsieur a dit dÃ¨s quâ€™on monte dans sa voiture câ€™est sans culotte ğŸ˜­ğŸ˜­ğŸ˜­ğŸ˜­ğŸ˜­ mais meeeerde,['bizarre'],130.79.220.81
193,193.0,,1655358819948478467,-1,"@FreedomRadioFR @LCI @gerard_larcher @mchantrait Tu voulais ""voter"" pour un candidat qui n'a pas eu ses 500 signatures peut-Ãªtre? 
RÃ©flÃ©chi un peu : Pourquoi certains candidats connus ou non n'ont pas eu leurs parrainages? Pourquoi d'autres ont Ã©tÃ© soutenus (comme Zemmour).Fais fonctionner ton esprit critique avant de dÃ©noncer!","['critique', 'zemmour']",130.79.220.81
194,194.0,,1657037061776392195,-1,"Aidez le a ratio la meuf qui pense que zemmour est moins dangereuse que les discours intersectionnels.

Le ratio doit Ãªtre massif https://t.co/6jgtpzl9vN",['ratio'],130.79.220.81
195,195.0,,1656045740374802435,-1,Rends les titres sale voleur. https://t.co/BhpC78SgpE,['voleur'],130.79.220.81
196,196.0,,1655441949577363459,-1,@Le_Figaro La libertÃ© d'expression de Cnews le meRdia droite dure chrÃ©tienne,['merdia'],130.79.220.81
197,197.0,,1656792313870336003,-1,@Andoytb @_RapMinute @EliasOttari c'est de la codÃ©ine mÃ©langÃ©e a du soda,['soda'],130.79.220.81
198,198.0,,1656048063146803203,-1,"@fhagur @thea_cake @YsiadH @steph_baltus @SeeMyPing @noel_mace @leyronnas @glad33bx @fredchristian__ @BillyTheTroll @bdauvissat @sylv_coud @AlineLSMN @axellinkv2 @AlmigraDev @toham_tech @samuelbreuillet @nice_digit_com @_yom_ @jlb666 ouai mais je sais mÃªme plus pourquoi j'en parlais xD

ce fils a vraiiiiiment dÃ©rivÃ©",['derive'],130.79.220.81
199,199.0,,1655347342185250819,-1,"@carmabab35 @c_drouault C'est un peu Ã§a. J'aime pas me brider, mais en mÃªme temps...

1) Je veux pas me planter et donner du grain Ã  moudre Ã  des cons.
2) J'ai pas envie de subir une Ã©norme shitstorm, j'ai testÃ© et je gÃ¨re mal XD",['grain'],130.79.220.81
200,200.0,,1655289716340604931,1,Seulement lâ€™Ã©pisode 5 ğŸ˜­ğŸ˜­ğŸ˜­. Imaginez le climax de lâ€™arc #DemonSlayer https://t.co/pNkrmd5TjL,['episode'],130.79.220.81
201,201.0,,1656053952083836931,-1,@falias503 Non ils ont le droit Ã  tout ! par contre la moindre petite entreprise privÃ©e est emmerdÃ©e Ã  longueur d'annÃ©e par les taxes et la paperasserie inutile,['longueur'],130.79.220.81
202,202.0,,1655346285187137538,1,"DÃ©jÃ  97 sur le serveur en si peu de temps, demain les 100 membres et plus encore ? ğŸ’¥

Merci Ã  tous de nous suivre et de nous rejoindre ! Cela nous fait Ã  tous extrÃªmement plaisir !

Et si vous souhaitez nous rejoindre c'est par ici : 
https://t.co/QBEhSxm9Lk

#HonkaiStarRail #FR https://t.co/4cQQ2osSA9",['serveur'],130.79.220.81
203,203.0,,1657151974003933184,0,@satudelrey SOCORROOOOOO,['jupiter'],130.79.220.81
204,204.0,,1657381187818586112,1,"ğŸš¨ Savage Toddy vient de sortir un morceau dÃ©dicacÃ© a son frÃ¨re intitulÃ© 

Â«Â Tout sâ€™en va sauf les souvenirsÂ Â» https://t.co/BXHNKWxSKV",['morceau'],130.79.220.81
205,205.0,,1656645408808943621,-1,"ğŸ”´ Strasbourg : Un ex-animateur pÃ©riscolaire condamnÃ© Ã  sept ans de prison ferme pour agressions sexuelles sur 17 enfants 
#Soutien #Actu #Police #Gendarmerie #Justice

https://t.co/ybGrT9scYy",['strasbourg'],130.79.220.81
206,206.0,,1656428843136106501,-1,"@CNEWS Dit le monsieur qui aide Ã  ce dÃ©sert mÃ©dical , câ€™est sÃ»r quâ€™il le sait",['desert'],130.79.220.81
207,207.0,,1656052247250255877,-1,Vous Ãªtes bÃªtes vous le faite exprÃ¨s l'idÃ©e c'est s'impose le drapeau europÃ©en elle parle de sont sentiment @CNEWS @JPasquet la madame levy https://t.co/JZHCY4MVYS,['racine'],130.79.220.81
208,208.0,,1657493836812173313,-1,"@Devin_rouge @ChefProjet @MontanaFranck1 @AlainSerres5 C'est une base du capitalisme. La plus-value c'est ce que le patron vole au salariÃ©. Le patron qui automatiserait tout ne ferait plus de plus-value, donc Ã§a n'arrivera pas.",['rejet'],130.79.220.81
209,209.0,,1654234473326600195,-1,"Les #PaysBas SAISISSENT 3000 fermes pour atteindre de nouveaux objectifs climatiques.  Il est INTERDIT aux agriculteurs de crÃ©er de nouvelles fermes ailleurs en Europe. J'ai interviewÃ© ce jeune agriculteur hollandais qui va perdre la ferme familiale
#WefAgenda2030 BIENTÃ”T ENğŸ‡«ğŸ‡· https://t.co/3YNmaxrO60",['agriculteur'],130.79.220.81
210,210.0,,1656359669521166338,1,BientÃ´t lâ€™Ã©tÃ© et toujours bon de rappeler que le melon foudroie la pastÃ¨que https://t.co/p57aeZfnVr,['inverse'],130.79.220.81
211,211.0,,1656263959136153600,-1,"La #DeFi multiversX prend forme avec ces modules et des partenariats, comme avec AshSwap. Les choses sÃ©rieuses commencent, et la concurrence aussi! ğŸ’ªğŸ”¥",['concurrentiel'],130.79.220.81
212,212.0,,1656802668294156288,-1,@beaudonnet Ah parce que France TÃ©lÃ©visions et tous les autres mÃ©dias franÃ§ais ne sont pas dÃ©jÃ  dans les mains de Jupiter ? Vous plaisantez !,['jupiter'],130.79.220.81
213,213.0,,1655360458885308419,-1,Wow Ã§a fait trop bizarreâ€¦ il va nous manquer en tout cas https://t.co/hq4FrgyleA,['bizarre'],130.79.220.81
214,214.0,,1657142069448548352,1,"@aorelia1982 @franckgreen51 C'est Ã©tudiÃ© pour !
https://t.co/mP2LkRF70J",['longueur'],130.79.220.81
215,215.0,,1656063784157429761,0,ella se come un photoshoot con hugo comte https://t.co/zwQMPEc7Op,['comte'],130.79.220.81
216,216.0,,1656647418006454272,-1,"âŒ Le dÃ©putÃ© RN a renoncÃ© Ã  sa visite grÃ¢ce Ã  la mobilisation des collÃ¨gues dâ€™Henri-Wallon, rejointâ€¢es par le collÃ¨ge Marie-Laurencin voisin, et par tousâ€¢tes celles et ceux qui ont rÃ©pondu Ã  lâ€™appel ! ğŸ‘ğŸ‘ğŸ‘ https://t.co/o6XP6ecEjX https://t.co/l40HrppmLm",['college'],130.79.220.81
217,217.0,,1656053472502992898,1,@Papillonne87 @lafrancecoquine Bonsoir wouah qu elle magnifique vue sur un joli ptit cul et jolie lingerie ğŸ”¥ğŸ”¥ğŸ‘ğŸ˜ˆğŸ¥°ğŸ˜ğŸ˜ğŸ˜,['lingerie'],130.79.220.81
218,218.0,,1655335576642506753,-1,"@DidierMaisto C'Ã©tait le probleme de Jacques Villeret aussi. Une immense sensibilitÃ©, un physique moins gracieux.",['cheval'],130.79.220.81
219,219.0,,1656330571562246144,0,"Les travaux de rÃ©novation de la Laiterie pourraient Ãªtre Ã¢prement discutÃ©s. Si lâ€™extension de la grande salle est plutÃ´t consensuelle, la nouvelle dâ€™un dÃ©placement de la petite salle dans lâ€™enceinte de lâ€™Espace K a Ã©tÃ© trÃ¨s mal accueillie par les salariÃ©s

https://t.co/WOHSTYJF4O",['renovation'],130.79.220.81
220,220.0,,1657101189090009088,1,@yaourtowomen les valises cabine se pÃ¨sent pas avec transavia tqt,['cabine'],130.79.220.81
221,221.0,,1655702570302595072,-1,@93120Lc @Etleau Psq il a jouer bcp moins de match et Ã  tirer bcp moins de penalty par gÃ©nÃ©rositÃ© ğŸ˜‚ğŸ˜‚ mais dcp tu rÃ©pond tjr pas Ã  ma question ! Pq penaldo a moins de trophÃ©e individuel ? Moins de trophÃ©e collectif ? Moins de trophÃ©e majeur ? Moins de passe d ? Et un moins bon ratio but ?,['ratio'],130.79.220.81
222,222.0,,1655359475430088704,-1,Wsh le vieux sÃ©nile il va prendre sa retraite la tÃªte jsuis choquÃ© https://t.co/dN1Hxloohy,['retraite'],130.79.220.81
223,223.0,,1656772661404393472,-1,@Bilataa tâ€™y connais quoi toi tfacon,['soda'],130.79.220.81
224,224.0,,1657518353894760448,-1,"@nicoleodera @bastamedia_ Les incidents peuvent paraÃ®tre isolÃ©s et les cibles diverses, mais les stratÃ©gies Ã  lâ€™Å“uvre, ainsi que les groupes qui les dÃ©ploient, sont souvent les mÃªmes.

ğŸ”¸Un certain Bernard Germain a ainsi montÃ©, dÃ©but 2023, la coordination Â«Â Partout CallacÂ Â», du nom de la petite ville des",['asile'],130.79.220.81
225,225.0,,1655322470260301824,-1,"La prÃ©sidente de lâ€™AssemblÃ©e nationale YaÃ«l Braun-Pivet veut  travailler sur la rÃ©forme des institutions . Â«Â RÃ©former nos institutions est lâ€™une des rÃ©ponses Ã  la dÃ©fiance qui grandit envers la classe politique, Ã  lâ€™abstention, qui ne cesse de monter, aux actes de violencesâ€¦ https://t.co/B9NNurMRPX",['politique'],130.79.220.81
226,226.0,,1656182537729761280,1,"Bonjour @davidlisnard En tant que PrÃ©sident de @l_amf , Ãªtes-vous favorable Ã  la suppression de la Loi PLM permettant de faire de Paris (entre autres) une vÃ©ritable dÃ©mocratie  locale avec un Maire Ã©lu par l'ensemble de ses Ã©lecteurs? Cordialement",['suppression'],130.79.220.81
227,227.0,,1657394268531482624,1,"ğŸš¨ Nouvelle blessure pour Nâ€™Golo KantÃ©. ğŸ‡«ğŸ‡·

Le FranÃ§ais, qui a ressenti une douleur Ã  l'aine Ã  l'entraÃ®nement, sera absent plusieurs semaines a annoncÃ© Frank Lampard. ğŸ¤• https://t.co/8VLcUKOlmW","['edf', 'entrainement']",130.79.220.81
228,228.0,,1657267133204553728,1,"@franceinfo Oui, il y a aujourd'hui des millions de personnes sans emploi qui ont Ã©tÃ© radiÃ© de pÃ´le emploi...
Triste rÃ©alitÃ© !",['pole'],130.79.220.81
229,,,1657128936466251778,1,@cmoitibo beau tracteur ceci dit lâ€™agriculteur tsais,['agriculteur'],92.184.124.50
230,,,1655342512872062977,-1,"@RoullierY @MignonetA Yves, est-ce que tu crois que le Tigre du Bengal va venir s'installer en forÃªt de Bord parcequ'on y met un morceau de viande ? Bon. Alors un nichoir, c'est pareil. Une espÃ¨ce non prÃ©sente ne va pas faire 2000km pour s'installer parcequ'un nichoir a Ã©tÃ© installÃ©.",['morceau'],92.184.124.50
231,,,1657535485982433281,-1,"@Christi90181420 @iciquebec Si une espÃ¨ce/individu vient au monde avec cette dÃ©viance, elle se peut pas se reproduire et ainsi, ce trait est pas transmis.  La nature est bien faite.  Faites vous soigner et arrÃªtez de recruter des enfants",['nature'],92.184.124.50
232,,,1655722382718296065,-1,@Kevin06019158 @MA_PerreaultTVA J'espÃ¨re qu'il seront 100% dans un meilleur dÃ©cor bootleg de l'annÃ©e passÃ©e. Ã§a faisait ligue de garage,['decor'],92.184.124.50
233,,,1656086119203627009,1,@kamilabderrahmn @Cyrilhanouna Il paraÃ®t que Zemmour aurait un cousin par alliance qui aurait volÃ© un vÃ©lo. C'est incroyable que personne n'en parle.,"['velo', 'zemmour']",92.184.124.50
234,,,1656720674851807233,1,"Comme d habitude on regarde le symptÃ´me et non pas la cause.
Je ne crois pas qu'il ait fait Ã§a de gaietÃ© de cÅ“ur. https://t.co/hpvNkR7avn",['symptome'],92.184.124.50
235,,,1657503067569283073,1,Le plan des banques centrales est clair : la hausse des marchÃ©s actions ğŸ“ˆ #bourse #actions #Ã©conomie https://t.co/FRICwRUZoN,['bourse'],92.184.124.50
236,,,1656252424632295425,-1,"@LIBERTA_PARITA @CalmiNois Le Dell Children's Medical Center d'Austin effectue-t-il des procÃ©dures illÃ©gales de Â« transition Â» sexuelle sur les enfants ? Le procureur gÃ©nÃ©ral du Texas ouvre une enquÃªte sur des pratiques troublantes
9 mai 2023-EthanÂ Huff
https://t.co/VvSAOJSDMp",['dell'],92.184.124.50
237,,,1655700574484979713,0,Senegal mo dakk cinema ğŸ˜­ğŸ˜­ https://t.co/IWPvi9n78p,['ultime'],92.184.124.50
238,,,1657466969979772929,1,"A dÃ©faut de pas voir les Ã©toiles au plafond je vais lui en faire voir dâ€™une autre faÃ§on ğŸ¤­

ğŸ’¥ #FaceSlapping FinDom PayPig Slave Soumis Dominatrice Strasbourg FinD PayPig Moneyslave Domination ğŸ’¥ https://t.co/1jW6uIBXkA",['strasbourg'],92.184.124.50
239,,,1656437612347809793,1,que qqun fasse le montage avec l'effet potion invisibilitÃ© minecraft svp j'ai trop la flemme https://t.co/mnbasjbmN4,['minecraft'],92.184.124.50
240,,,1656083350560333825,0,@SebGagne07 @dede_shadow Les capitals ont des espoirs en banque pour Ã©change de premiers choix ? Si Mitchkov est dispo et que Canadiens le veut pas ?,['banque'],92.184.124.50
241,,,1656789701360009216,-1,"@YannPers Je rÃ©fute cette analyse tout comme je rÃ©futais les propos de Parizeau Ã  lâ€™Ã©poque. Comme vous prÃ©cisez, ceux qui se dÃ©finissent comme quÃ©bÃ©cois ont votÃ© OUI Ã  63 %. Mais on impute lâ€™Ã©chec du NON aux anglos et les quelques neo quÃ©bÃ©cois qui ont votÃ©. Ceux-ci ne font pas le poids.",['echecs'],92.184.124.50
242,,,1655865707790204928,-1,FÃªte la + populaire d'Europe : Des milliers de babtous ğŸ· entassÃ©s sur 10m2 qui se droguent et copulent en public. L'odeur infecte de sueur mÃ©langÃ©e Ã  la biÃ¨re se diffuse Ã  des kms Ã  la ronde (et ils ont le culot de parler de sauvagerie pcq des noirs font twerker des jap mdr) https://t.co/bl0TLAS9v4 https://t.co/7lwVuSDxQW,['europe'],92.184.124.50
243,,,1656424120513355778,-1,Mdrrr Ã  cette allure autant Ãªtre un dÃ©linquant qu'Ãªtre un honnÃªte citoyen https://t.co/6GRJ970KJE,['allure'],92.184.124.50
244,,,1656029662395392002,-1,"@GuyonvarchC @Francois_Ruffin @JLMelenchon Ã‰tonnant Chiffre pour la Bourgogne France ComtÃ© ! En fonctionnement.
C'est Ã©norme. Ils consomment des euros ? Ils les mangent ?",['comte'],92.184.124.50
245,,,1655332863275851778,-1,"Mon frÃ¨re remonte la gÃ©nÃ©alogie de mon mec et la piste s'arrÃªte Ã  une mÃ¨re qui a eu un enfant ""de pÃ¨re inconnu"" en 1870, Ã  18 ans. 
Et j'ai beaucoup de peine en pensant Ã  elle qui a dÃ» Ã©lever son enfant seule, non mariÃ©e, Ã  cette Ã©poque.","['arbre', 'ulterieur']",92.184.124.50
246,,,1656598851862552578,-1,Ne diffusez surtout pas : dessin censurÃ© par LREM!ğŸ¤£ğŸ¤£ğŸ¤£ https://t.co/fpxkInJHW9,['biden'],92.184.124.50
247,,,1657533279979855874,1,"Sa voix nue hurle
dans le vent
tout est calme dans des mots effrayants

Le temps, tel un bourreau
se soumet en faisant taire 
la sensation dans la gorge
qu'il noie

Elle ne cÃ¨de pas
Ã  la peur de
s'accrocher Ã  l'espoir
qu'un jour sa #qualitÃ© de voix,
ses mots trouveront leur place https://t.co/FWQ5EXx3vZ",['sensation'],92.184.124.50
248,,,1656378350925930498,1,"@Ereminette Oui, il peut (l'exception Ã©tant les rois de France qui selon les lois fondamentales ne pouvaient pas abdiquer, ni renoncer par avance Ã  la couronne). Mais au nom de quoi devrait-il le faire ?",['apte'],92.184.124.50
249,,,1655687572545232898,-1,Il a cru que en mettant une musique triste + vidÃ©o avec sa mÃ¨re Ã§a allait nous attendrir bon vent ğŸ‘‹ğŸ¾ voleur https://t.co/HlZP2PGK1r,['voleur'],92.184.124.50
250,,,1656840879175262210,-1,"Un premier bÃ©bÃ© nÃ© de lâ€™ADN de trois parents au Royaume-Uni

https://t.co/c3kIKoUTQT
La nature risque de leur jouer des toursâ€¦
Câ€™est des humains modifiÃ©s Ã§aâ€¦ ont sait pas ce que Ã§a peux faire dans lâ€™avenir.
Rendu lÃ  câ€™est se prendre pour Dieu. https://t.co/PKipuE9wnh https://t.co/bNTFn93cX7","['nature', 'bebe']",92.184.124.50
251,,,1656785783334789122,-1,"Le gouvernement espionne, harcÃ¨le, torture et tue des milliers de personnes ciblÃ©es en utilisant la technologie Haarp. Le silence sur ce scandale est assourdissant.
#quotidien  #tpmp #hdpros #poupettekenza 
#nupes #eelv",['technologie'],92.184.124.50
252,,,1655906470385311746,-1,"Les discussions au sujet du billet de 20$ m'ont fait rÃ©aliser qu'avec le retrait annoncÃ© de l'effigie de Laurier sur le 5$, il n'y aura plus
aucun Canadien franÃ§ais sur l'argent canadien. Mais on vient de dÃ©cider d'y mettre un monsieur britannique qui n'a jamais habitÃ© ici.",['macdonald'],92.184.124.50
253,,,1657444826130837505,-1,@khalice03 @mb_bouh @PhoenixSo4 @Oxitan30 La seul personne qui crÃ©e une haine contre les clandestin noir en egypte cÂ´est toi!!! Je suis actuellement dans MON Pays et jÂ´ai vu le changement. Alors quÂ´avant tout se passait bien. A cause des afro descendant dÃ©racinÃ© vivant en Europe en quÃªte de reconnaissance des Blanc,['clandestin'],92.184.124.50
254,,,1654769044229173249,0,"@emehlan I made plenty for french regions... (No, there's no politics behind this, why would you think that?) https://t.co/lRhQIgPImV",['couleur'],92.184.124.50
255,,,1657151179120422913,1,@nagi78_ Appel le service client,['service_client'],92.184.124.50
256,,,1657445013570084867,1,"@Rayann_ne Alors je suis plus en prÃ©pa depuis cette annÃ©e mais quand jâ€™y Ã©tais oui on avait 2h dâ€™anglais obligatoires par semaine, globalement câ€™est comme au lycÃ©e, et Ã§a compte pas Ã©normÃ©ment aux concours par rapport aux matiÃ¨res scientifiques","[""ecole_d'ingenieur""]",92.184.124.50
257,,,1657475349729402883,1,@cassouman40 @ladepechedumidi Merci pour cette phrase que je note.,['litterature'],92.184.124.50
258,,,1657080434197422083,1,@BruceFlopWayne CacahuÃ¨te enrobÃ©e,['cacahuete'],92.184.124.50
259,,,1655715953152253955,-1,@Loick_glr1 @__unknownboi @JojoLeGentil Câ€™est lâ€™heure de lâ€™apÃ©ro donc tu me laisse bon,['journal'],92.184.124.50
260,,,1657171532332818435,1,MÃªme dans mes plus beaux rÃªves je n'aurais jamais osÃ© imaginer une saison comme celle-ci,['carton'],92.184.124.50
261,,,1655319706901815298,1,Si on se fie Ã  ton drapeau câ€™est toi qui leur fais manger Ã§a peut-Ãªtre ils sont juste polis et courtois https://t.co/tMsAp149zb,['drapeau'],92.184.124.50
262,,,1657083177070911491,1,"RÃ©union productive avec le ministre @masanobu_ogura sur les implications sanitaires de l'isolement social et de la solitude, en particulier chez les aÃ®nÃ©s, les femmes, les jeunes et les groupes vulnÃ©rables. Continuons Ã  travailler ensemble sur cet enjeudans nos deux pays. https://t.co/hdlhukY8cP",['solitude'],92.184.124.50
263,,,1656083756971614211,-1,"@Celtics_Fra On joue en fer a cheval donc forcÃ©ment quand tâ€™es Ã  7m du panier, pas Ã©vident de prendre des rebondsâ€¦",['cheval'],92.184.124.50
264,,,1655360053640060931,1,"Je crois qu'on se rend pas encore compte qu'on va bientÃ´t vivre la meilleure Ã©poque du jeu vidÃ©o en ligne que va Ãªtre GTA 6, j'ai tellement hÃ¢te d'enfin pouvoir passer mes nuits entiÃ¨re sur un jeu et juste m'amuser",['jeu_video'],92.184.124.50
265,,,1655317301053235201,-1,@Nicolas1979g @Renaissance @EmmanuelMacron Pour une france nouvelle toujours plu d'extrÃªme droite.,['barbecue'],92.184.124.50
266,,,1656781119730098176,-1,@Fnac eh Wâ€™Allah demain grosse descente chez vous aprÃ¨s mon cours de philo je vais Ãªtre encore plus de mauvaise humeur https://t.co/mDs7cHjjrc,['humeur'],92.184.124.50
267,,,1657488775528734724,-1,@AlexDS78 En mÃªme temps vu les interdictions de stade que les ultra se sont pris depuis le titre obtenus câ€™Ã©tait prÃ©visible la diminution de lâ€™intÃ©rÃªt quand tu dÃ©truit la racine lâ€™arbre ne pousse pas,['racine'],92.184.124.50
268,,,1655634281396330500,-1,@Doflashin Tu joues pas pac man toi,['pacman'],92.184.124.50
269,,,1656925878725533700,-1,"ğŸ‡ºğŸ‡¸ğŸ”¥ğŸ“ºLe PrÃ©sident Trump a mis le feu sur la chaine CNN, cela a Ã©tÃ© une victoire totale pour lui dans tous les domaines.ğŸ‘Š/ ğŸ”¥ğŸ“ºPresident Trump set CNN on fire, it was a total victory for him in all areas.ğŸ‘Š https://t.co/NLZUCB4qCr",['trump'],92.184.124.50
270,,,1657478548406296580,-1,"l'Italie, il a une super voix, mais j'aime pas la chanson du tout, clairement la chanson typique de lover sans relief ğŸ¥² Domage !

(Par contre le t-shirt a paillettes, c'est bo mais Ã§a doit piquer TwT)",['grain'],92.184.124.50
271,,,1655373217068994561,-1,"ArrivÃ©e de l'armÃ©e du dÃ©sert du #Polisario sur les rives de l'ocÃ©an Atlantique du Sahara Occidental occupÃ©.
Que Dieu leur accorde la victoire et les protÃ¨ge.

#SaharaOccidental #Resistance https://t.co/I49sfhGrFC",['desert'],92.184.124.50
272,,,1655346487180550149,0,Wesh câ€™est quoi cette dinguerie?? ğŸ˜¨ğŸ˜¨ https://t.co/XMiOrvlKSL,['menage'],92.184.124.50
273,,,1657043433591037957,1,"â›”NE DONNEZ JAMAIS CES DONNÃ‰ES ! â›”
Au CrÃ©dit Mutuel, comme dans les autres banques, votre conseiller ne vous demandera jamais vos codes, mots de passe ou identifiants bancaires.
Un message du CrÃ©dit Mutuel et de la @FBFFrance.
Plus d'informations ici â¡ https://t.co/JuAlaU84E4 https://t.co/2oLjAklVEb",['credit_mutuel'],92.184.124.50
274,,,1656378964032512005,-1,"Câ€™est amusant venant de lui sachant quâ€™il nâ€™y a pas quâ€™une poignÃ©e dâ€™opposant mais 80% des franÃ§ais. Ces 80% ne suffirait pas Ã  gagner une Ã©lection mais une rÃ©elle dÃ©culottÃ©e. Son dÃ©ni Ã  lui est consternant et sâ€™il assumait tant que Ã§Ã  son impopularitÃ©, il nâ€™aurait pas privatisÃ© https://t.co/9xMPd9PDhL",['touriste'],92.184.124.50
275,,,1657083539995648005,1,"Un boulanger d'origine sri-lankaise qui gagne le prix de la meilleure baguette de Paris, c'est la culture franÃ§aise qui rayonne.
Et c'est formidable. https://t.co/4AnKg62dH0",['baguette'],92.184.124.50
276,,,1656070686312390662,-1,AHDKDBAHAHA on est sur facebook au collÃ¨ge ou quoi https://t.co/R5BfnPyibY,['college'],92.184.124.50
277,,,1656326898291466246,-1,@MMAPropagande Câ€™est bizarre je vois pas de Khamzat Edwards Usman? Lui qui en parlais Ã  chaque fois ğŸ¤¡ğŸ¤¡ğŸ¤¡,['bizarre'],92.184.124.50
278,,,1656776524991692802,-1,@bbbunnyy_ @tpzrap_ Donc si on dit rien y'a un problÃ¨me et si on dit qlq chose aussi ??,['alcool'],92.184.124.50
279,,,1657522500010663937,1,"@harel_zenou @MGG_France on parle du jeux qui crÃ©e cette banalitÃ© d'on tu parle qui a vendu une console a lui tout seul 
c'est l'essence mÃªme du jeux vidÃ©o une rejouabilitier infini couplÃ© avec un gameplay si simple que n'importe qui peut comprendre",['jeu_video'],92.184.124.50
280,,,1657089956945223687,-1,".@Fr_Bechieau :ExÃ©cutions dâ€™opposants politiques en #Iran, on attend la dÃ©nonciation du PrÃ©sident â¦@EmmanuelMacronâ© et de lâ€™#Europe ! â¦@Iran_GOVâ© Cessez immÃ©diatement toutes les exÃ©cutions dâ€™opposants politiques ! @Rfi #HumanRights â¦â¦â¦@wais_global https://t.co/gEsYcNpWCG",['europe'],92.184.124.50
281,,,1657090837895946240,1,"Conservez vos donnÃ©esâ€¦ dans un grain de riz !

ğŸ–¥ï¸  https://t.co/uPr8zLOlDb",['grain'],192.168.1.254
282,,,1656301749991350273,1,"#Suisse ğŸ‡¨ğŸ‡­ #Russie ğŸ‡·ğŸ‡º

7.6 milliards d'Euros d'actifs et de rÃ©serves de la banque centrale de la Russie sont immobilisÃ©s en Suisse.

https://t.co/c3yjfR8ZoG",['centrale'],192.168.1.254
283,,,1656030431936933888,0,@info_Paris_IDF @CATHERI38102730 Ã‡a a failli Ãªtre un barbecue ğŸ§ğŸ˜§ğŸ¤”,['barbecue'],192.168.1.254
284,,,1655361549093986312,-1,Pcq deja un seul Ã©pisode jtrouve ca dommage alors que avec Story Ã§a aurait Ã©tÃ© une saison y avait grv des trucs Ã  exploiter !! Et en plus le niveau d'Ã©criture de Stories est vrmt plus bas que celui de Story...,['episode'],192.168.1.254
285,,,1656805587538128896,-1,@AcrytearsMag @NotButters22 @LadyOfTheOcean1 @Ferahgo684 @slinkescouse @SaltyTanker2 @DickProse @WombatCat1 @SteveEstrada11 @SheriLynBrowne @3inchwillie @BeauBeauBo02 @John10533723 @itisjustmebabe @youknow714 @CALUSA18 @worldmeetjohn @308long @Carmatta1 @LeskoBrandon20 @RobertD38259050 @memequeenkimmy @FemmeVoilet @lanemancini61 @KatChat19 @m_dicey @Flattielover @Shopdogg2 @deciccopad @cherylhart00 @Luckboxwinnerr @Trump_Lost_LOL_ @kali8989 @NonBusi67504446 @miimaewest @KongShlong @whodisdontcare @scumidt @PatriotBob1776 @BivonaCarol @CarlBorman60 @stevenmackeyman @Bn7snortt @DianaCialino @RenayCharlotte @10degBTDC @Andi1381338 @Mr_W_Smith @PissedOffVet6 @TiaRees9 30-year-old alligation with no witnesses except her friends. If it was a problem why didn't she say something back then? https://t.co/LCEOkdfVao,['trump'],192.168.1.254
286,,,1656793888047214592,1,"@Twibby37 @Jordi_Velo Pas besoin, c'est dÃ©jÃ  dans les vrais stats. https://t.co/NMLcWyCZPs",['velo'],192.168.1.254
287,,,1657516272102285313,1,"Jeu suivant: Solatorobo

Un action-RPG oÃ¹ l'on contrÃ´le Red, un chasseur de primes sur son mecha, le Dahak.
Red voyage d'Ã®le en Ã®le dans son vaisseau, l'Asmodeus pour complÃ©ter des quÃªtes avec sa soeur Chocolat.

Voici l'Opening, la chanson est ""And then, to CODA"" par LieN https://t.co/ksV6eUL0sL",['studio'],192.168.1.254
288,,,1655627387709669376,-1,"PlutÃ´t que de hurler Ã  la Â«thÃ©orie du grand remplacementÂ», serait-il possible de rÃ©pondre aux arguments avancÃ©s? Avec des arguments et des faits, sans brandir un Ã©pouvantail?

Immigration massive: impossible de dÃ©battre sans se faire insulter | JDM https://t.co/SAcBZXn0ZM",['remplacement'],192.168.1.254
289,,,1655637284115341321,-1,@msqlff Jte mens pas ils manquent Ã  personne,['drapeau'],192.168.1.254
290,,,1655721305486811145,-1,"@CormierVero Apparemment il a dÃ©cidÃ© de faire lâ€™inverse : lui, il reste et nous il nous chasse â€¦
Je crois quâ€™il va falloir aller chercher le locataire de lâ€™#Elysee pour le dÃ©loger comme il nous lâ€™a demandÃ©.

ExÃ©cutons son souhait â€¼ï¸
#ğŸ’¯jours 
#100jours",['inverse'],192.168.1.254
291,,,1655341180710682624,-1,"La commune a dÃ©cidÃ© d'exhumer ses restes, puis de les incinÃ©rer et de disperser ses cendre en mer afin de mettre fin Ã  ces pÃ¨lerinages nausÃ©abonds. Malheureusement cela n'a servi Ã  rien. 3/8
https://t.co/xgCMPY9hEU",['piege'],192.168.1.254
292,,,1656411007940427776,1,Petite balade dans la nature. #RT si tu aimerais me croiser dans les bois. Et dit moi ce que tu me ferais ğŸ˜ˆ https://t.co/jqzO5hP1Il,['lingerie'],192.168.1.254
293,,,1656427160775557120,1,"Elle a le jus je vous jure, elle mÃ©nage son pied ğŸ¥¹ğŸ¥¹ğŸ˜­ https://t.co/fbOyHsbLTP",['menage'],192.168.1.254
294,,,1655335338749853696,-1,Mais y a passage en force obligatoire comment les arbitres vont rÃ©ussir Ã  donner des lancers c'est la question,['stable'],92.184.106.62
295,,,1656392758355951616,1,"@rachele39193616 Mais je pense que c'est psychologique ğŸ˜…
Mais c'est le seul aliment ğŸ™ğŸ˜…",['aliment'],92.184.106.62
296,,,1657037665143750656,1,"ğŸ¦¶Imagine je t'emmÃ¨ne avec moi dans la cabine d'essayage pour que je sois servie comme la reine que je suis. Dabord je te fais embrasser mes pieds, puis les sentir jusqu'Ã  ce que je te permette enfin de les nettoyer avec ta langue. Mais Ã§a c'est un privilÃ¨ge que tu ne mÃ©rites pas https://t.co/ZBfym5LLzR",['cabine'],92.184.106.62
297,,,1656768563967819776,-1,Batman câ€™est fini pr toi,['batman'],92.184.106.62
